-- Utilisateurs (70 au total : 40 acheteurs, 20 annonceurs, 10 experts)
insert into Utilisateur (nom, prenom, courriel, mot_de_passe) values ('Coupar', 'Pate', 'pcoupar0@illinois.edu', '$2a$04$M48EqIKQk7ws2mfvuf1Zn.DsBbgC8j0lElZ05z6q6pYI9ItAfqrXK');
insert into Utilisateur (nom, prenom, courriel, mot_de_passe) values ('Peiser', 'Rodolphe', 'rpeiser1@mediafire.com', '$2a$04$nfUfrK70Vcqrx8O8EINarueq8c05Z/80BcuqGsmcaiDN7mTbIk5rK');
insert into Utilisateur (nom, prenom, courriel, mot_de_passe) values ('Huxter', 'Mahmud', 'mhuxter2@google.com', '$2a$04$cvqbuF2mKzucQaZO.CcLAOP/GdcXj6uetMq5L/GS98fuusmaZ4Cnm');
insert into Utilisateur (nom, prenom, courriel, mot_de_passe) values ('Sebastian', 'Brendan', 'bsebastian3@dropbox.com', '$2a$04$fuyknjTB0WxXGZPaYXYmNuqrjBLqnTfNmqgIvM27P0kAIKjCDyWvC');
insert into Utilisateur (nom, prenom, courriel, mot_de_passe) values ('Shobrook', 'Philbert', 'pshobrook4@census.gov', '$2a$04$.J9D6aQWrthDUBvA70y6veG2qoeIoIc9WWc1tCTlTYf.3IZ3v/g4y');
insert into Utilisateur (nom, prenom, courriel, mot_de_passe) values ('Lightollers', 'Deloria', 'dlightollers5@gravatar.com', '$2a$04$L0APb2cdS288NI1Oc14dGOOkaVHtXjB2SZ4161.cahmidXHGEPXq6');
insert into Utilisateur (nom, prenom, courriel, mot_de_passe) values ('Fendt', 'Hussein', 'hfendt6@reddit.com', '$2a$04$29mWs1j4M1dFf7suZ8/XFO309QjFAkha1kyYwvV31OmPgtu9EW4qe');
insert into Utilisateur (nom, prenom, courriel, mot_de_passe) values ('Arndell', 'Carrissa', 'carndell7@ibm.com', '$2a$04$hfxWaKKSN9VihkJjkd5EUO7X50udqyft2A.ily2qEcE2rP6E0SpIy');
insert into Utilisateur (nom, prenom, courriel, mot_de_passe) values ('Beamond', 'Larisa', 'lbeamond8@ehow.com', '$2a$04$hoFhY2b1YXiskHUVxhKmtuAFi3Kh38U4t/pbckMYqeYS3QJp8/cLS');
insert into Utilisateur (nom, prenom, courriel, mot_de_passe) values ('Ceaplen', 'Farrell', 'fceaplen9@mac.com', '$2a$04$D2WNxl/01UC3aqBVmmhqpO8w1b/ztRpzBwaNQ3hh.r9DixzV6hDpO');
insert into Utilisateur (nom, prenom, courriel, mot_de_passe) values ('Hegarty', 'Doretta', 'dhegartya@spotify.com', '$2a$04$GHrQixjPmfCp7dTaK0073O/xzSEEVuQVFlDaOFgfyb/jpNRGSi6GS');
insert into Utilisateur (nom, prenom, courriel, mot_de_passe) values ('Kett', 'Kristos', 'kkettb@google.de', '$2a$04$fPSaY0aGTOe2ewxX3Zk8.uTrlOZMQUoG6.Vt3qDGAZr1Vg85NYDu6');
insert into Utilisateur (nom, prenom, courriel, mot_de_passe) values ('Somerfield', 'Timmy', 'tsomerfieldc@umn.edu', '$2a$04$WmEgL/5bXQC1/0z1ndOrN.e1KcGP5Fm9Dyqsn1UaCa/i8.LmuM78i');
insert into Utilisateur (nom, prenom, courriel, mot_de_passe) values ('Jolliman', 'Johnette', 'jjollimand@jigsy.com', '$2a$04$OWHU4zsdCjYFSauQysvBLOABkZvhlxW1OOLFxzuA1BR.tVbBpyYs2');
insert into Utilisateur (nom, prenom, courriel, mot_de_passe) values ('Skillicorn', 'Odey', 'oskillicorne@elpais.com', '$2a$04$X82hmayLDn1G/ftPWd0K6uYGVVk1XD.2vv3jiUkqQ.yY9i59hF4m2');
insert into Utilisateur (nom, prenom, courriel, mot_de_passe) values ('Prene', 'Cassi', 'cprenef@opensource.org', '$2a$04$kasie6f9hQH5oh0B5uMI3ucnhNzoSfp0tk9GA4jmHzW1B7RJQztoS');
insert into Utilisateur (nom, prenom, courriel, mot_de_passe) values ('Niezen', 'Lotty', 'lniezeng@tinyurl.com', '$2a$04$wqhwflIwDJD5dsoH/6lNmupyHq24JxR3BsUe/a/olh0H1VM3Z2LFO');
insert into Utilisateur (nom, prenom, courriel, mot_de_passe) values ('Raxworthy', 'Faythe', 'fraxworthyh@ustream.tv', '$2a$04$vylNyzfOZ.AR7m.etH.i0Omj5QcbXgMDdE.v66ZrfmErNtC3EGncK');
insert into Utilisateur (nom, prenom, courriel, mot_de_passe) values ('Curreen', 'Renate', 'rcurreeni@odnoklassniki.ru', '$2a$04$yHxyGlRmA0zvPUhsDdA8N.3Yt07JgyBEARK7IKxspcN/uGaxqdUw6');
insert into Utilisateur (nom, prenom, courriel, mot_de_passe) values ('Carme', 'Ewart', 'ecarmej@vkontakte.ru', '$2a$04$pF0l0L2de6VkhPRTowlpKOfAJsVIjhQcPLAnsP7fpSvl3YAJ.6VlC');
insert into Utilisateur (nom, prenom, courriel, mot_de_passe) values ('Ankers', 'Pebrook', 'pankersk@unblog.fr', '$2a$04$Bgr6IUPG5UjuuucicNR.SeLS/LVXswZHnxxSvgjgFCqm4vdKX1LZG');
insert into Utilisateur (nom, prenom, courriel, mot_de_passe) values ('Mazzia', 'Ferrel', 'fmazzial@hp.com', '$2a$04$ZwZDzXczt33ncRjQ3yGJkuUQ/Og7.kJsMc5SUCpgVukOSW1MllyYa');
insert into Utilisateur (nom, prenom, courriel, mot_de_passe) values ('Ridge', 'Josey', 'jridgem@vkontakte.ru', '$2a$04$WWI0g2CI3m2Z18qT2wNbceEzfA712jevjVfm2sV5N2DcHslEM5oBS');
insert into Utilisateur (nom, prenom, courriel, mot_de_passe) values ('Langmead', 'Olenka', 'olangmeadn@vk.com', '$2a$04$I7kGU80eClpks3R37igy7uSAC3G0JNymdDOOqrUYLwnVxK.Jhfy5m');
insert into Utilisateur (nom, prenom, courriel, mot_de_passe) values ('Vassall', 'Silvio', 'svassallo@vk.com', '$2a$04$pULkvpcyjei.uCrQYNxYfuAqgvcgAiYhmgvSJzeq9slZpa4UgxfpG');
insert into Utilisateur (nom, prenom, courriel, mot_de_passe) values ('Frangleton', 'Clovis', 'cfrangletonp@ftc.gov', '$2a$04$BlSwgdEvMBePaB9ry9vKU.gnT81Y5YRk2LVgAPFULu5E055U7C4gG');
insert into Utilisateur (nom, prenom, courriel, mot_de_passe) values ('Roundtree', 'Bambi', 'broundtreeq@fda.gov', '$2a$04$wmPIBLxp1gtfXfpc8yq63uQlA4DrFCx/FxTIoOE3EnJsdaD0Cb9xa');
insert into Utilisateur (nom, prenom, courriel, mot_de_passe) values ('Pattillo', 'Valentia', 'vpattillor@elegantthemes.com', '$2a$04$J9jKT3DQElo/SI.5ThM.7uKN/NyAewBYZISF9kF9FVnlLnZMI4oOa');
insert into Utilisateur (nom, prenom, courriel, mot_de_passe) values ('Macallam', 'Octavius', 'omacallams@php.net', '$2a$04$Vujl9xwKUZOdqG3pDmTjluulHJJtETdn3FfHwwpGE5bZ3HYX5vK1.');
insert into Utilisateur (nom, prenom, courriel, mot_de_passe) values ('Faire', 'Levy', 'lfairet@vinaora.com', '$2a$04$nSfM9CGIMvNeBxF6yX/uC.v37icP/TopuklXcl3D6GkXB0g8JJ5im');
insert into Utilisateur (nom, prenom, courriel, mot_de_passe) values ('Arnaldo', 'Lusa', 'larnaldou@rambler.ru', '$2a$04$MQGFynvoQBzJ..BW34i23ODH.nJbFfp7fIx8v1K4BEvnrUxZGfwKe');
insert into Utilisateur (nom, prenom, courriel, mot_de_passe) values ('Olyfant', 'Osgood', 'oolyfantv@businesswire.com', '$2a$04$S/I5PT9X30ELHdQjVIsLlOr6mhnCsw0F91dKGuYxwGdeWIQldCLeW');
insert into Utilisateur (nom, prenom, courriel, mot_de_passe) values ('Deddum', 'Tiffy', 'tdeddumw@google.ca', '$2a$04$/qwkGYP5FuOAAQUAaGOZTucATb7.IKqhC0cCarWl0PjMliNEteDwe');
insert into Utilisateur (nom, prenom, courriel, mot_de_passe) values ('Challinor', 'Ulric', 'uchallinorx@uol.com.br', '$2a$04$pho9DVrWNhLcskhBhP8qx.ZCClgu.aJ9Dy7KY7vscBbG1fh4CCeOq');
insert into Utilisateur (nom, prenom, courriel, mot_de_passe) values ('Burns', 'Tull', 'tburnsy@cocolog-nifty.com', '$2a$04$v/OXrN56.qFx8QwNHXd3TumsP8n0A8lfYDHz0Xx7sbuE2r7z43osO');
insert into Utilisateur (nom, prenom, courriel, mot_de_passe) values ('Wreford', 'Nadean', 'nwrefordz@hc360.com', '$2a$04$vlvjiYS6HWFRIX5b42o2eej2z1.tUx.77YCQxi90Ds/mepmYgdayu');
insert into Utilisateur (nom, prenom, courriel, mot_de_passe) values ('Estrella', 'Geri', 'gestrella10@addthis.com', '$2a$04$4ocwTF67bSKrk6qR.A9nFegPw22Aqgmt5RK2smWrDE9Wi6bfTXi06');
insert into Utilisateur (nom, prenom, courriel, mot_de_passe) values ('Itzhak', 'Jimmie', 'jitzhak11@gravatar.com', '$2a$04$Q2Eo4gDeRlWjcPwBGCp/fexuF.HBSoVP6M6qoQKu6LoIMqS9roGs.');
insert into Utilisateur (nom, prenom, courriel, mot_de_passe) values ('Folland', 'Ximenes', 'xfolland12@sina.com.cn', '$2a$04$9GsU6PLd5rw48vwiBL414e67ikaHBvZUS37pOTSSiZ7vsMF8mgztm');
insert into Utilisateur (nom, prenom, courriel, mot_de_passe) values ('Fulker', 'Dinny', 'dfulker13@delicious.com', '$2a$04$bTklKQf4K/NqDRLsAavZDukgFl48SG6JZciPj7MjSvzK9eWeGqKb.');
insert into Utilisateur (nom, prenom, courriel, mot_de_passe) values ('Bartlam', 'Tannie', 'tbartlam14@dailymotion.com', '$2a$04$X4dPJZF.eyVXkQrwwpoUC.KtJCiABwxzPui/JX/hefx81yWKVHFW6');
insert into Utilisateur (nom, prenom, courriel, mot_de_passe) values ('Bloxsome', 'Heindrick', 'hbloxsome15@desdev.cn', '$2a$04$c1nGSYIN8qAre1qvXbJlb.xzZpcHltoLP1nqr0c.25mWew/I5kbLe');
insert into Utilisateur (nom, prenom, courriel, mot_de_passe) values ('Siddens', 'Page', 'psiddens16@java.com', '$2a$04$xPT2YuefAlc9Im33SQ6KlepzU9c0/6b3Du0C37OCqDpNW0aJnwaRG');
insert into Utilisateur (nom, prenom, courriel, mot_de_passe) values ('Varah', 'Clarinda', 'cvarah17@naver.com', '$2a$04$Musg.F4drbE1B4htMgFaO.QUuA7dxc9QOk2CP7yY.CmKgyMEDMUPq');
insert into Utilisateur (nom, prenom, courriel, mot_de_passe) values ('Parfrey', 'Art', 'aparfrey18@macromedia.com', '$2a$04$BcDeiaYR5dXMsqfjFNQroe5gzCrBm5NgEMX0Sww9yoMJ3ZG5Uklh.');
insert into Utilisateur (nom, prenom, courriel, mot_de_passe) values ('Broszkiewicz', 'Elyssa', 'ebroszkiewicz19@va.gov', '$2a$04$NjhipAXRnkzcf2wutZibC.n8PbAkcetOP7hzW7313Vm1sGwMPqyUi');
insert into Utilisateur (nom, prenom, courriel, mot_de_passe) values ('Scimonelli', 'Tristan', 'tscimonelli1a@time.com', '$2a$04$PjlSLNMc3Q2VlYHRI8u97empuveBxAAO0fH80hqBnWKB8qAvOjMn6');
insert into Utilisateur (nom, prenom, courriel, mot_de_passe) values ('Perri', 'Ronna', 'rperri1b@github.io', '$2a$04$zJdDlFO2vUin4Tsb1UndFukgFuSxNG4v4T1deIEQA6FxFx4hHG8iC');
insert into Utilisateur (nom, prenom, courriel, mot_de_passe) values ('Rustedge', 'Kiersten', 'krustedge1c@cpanel.net', '$2a$04$vG4iNH7W9tUdHHzPxod1KORg.in7qx0YMP4G7oAkhfmrXg0o1yZM2');
insert into Utilisateur (nom, prenom, courriel, mot_de_passe) values ('Miner', 'Risa', 'rminer1d@google.co.uk', '$2a$04$F1vqC0p87t0WL7JFq/bsseJzSKbac3UyBTog2yjxHIxqkL7st2LvK');
insert into Utilisateur (nom, prenom, courriel, mot_de_passe) values ('Rodman', 'Erica', 'erodman1e@nsw.gov.au', '$2a$04$DPMenMdfUZFKRxfEdqAniORHfi5f9YuDqFJNnvg794lVkEBerTi2K');
insert into Utilisateur (nom, prenom, courriel, mot_de_passe) values ('Doonican', 'Marietta', 'mdoonican1f@admin.ch', '$2a$04$VDuPmSVZs6P00X2PelJQQ.JYcgrRHDE95KSWbgR7vMBF4xQ6hDMXO');
insert into Utilisateur (nom, prenom, courriel, mot_de_passe) values ('O''Moylane', 'Selinda', 'somoylane1g@example.com', '$2a$04$BWR1soRu60qj3jW.OKD7n.OAcRKdkaxireeJk/aBRhKkIFItT6RPm');
insert into Utilisateur (nom, prenom, courriel, mot_de_passe) values ('Edgeller', 'Lucien', 'ledgeller1h@joomla.org', '$2a$04$gxa54kZBzYjOpScG8dqG6ODszcZTVnFKlkHcvNff454UDt5yS39zO');
insert into Utilisateur (nom, prenom, courriel, mot_de_passe) values ('Ainsbury', 'Audrye', 'aainsbury1i@biblegateway.com', '$2a$04$clYuGehiYkSY0Hb63xIMj.HeDc/U1DeGlBvj2vL3d03uLbiYfcWm.');
insert into Utilisateur (nom, prenom, courriel, mot_de_passe) values ('Barsam', 'Petronella', 'pbarsam1j@huffingtonpost.com', '$2a$04$SQQIf4F042eWXklcI5bSEuFGGe0uGUGS5v845jzDD7T6TpcBpEwV2');
insert into Utilisateur (nom, prenom, courriel, mot_de_passe) values ('Angric', 'Aurthur', 'aangric1k@abc.net.au', '$2a$04$35AhhbZEpRUucxniDUUCf.zGnC6DGeVE8zChUkvNdFqNmwcQE/n5.');
insert into Utilisateur (nom, prenom, courriel, mot_de_passe) values ('Yanyshev', 'Theresa', 'tyanyshev1l@mit.edu', '$2a$04$uhvwmSNwKnt04nH9l7g1yuZOelF.fKLWNADioGGD5l8RmXZ/cJQmC');
insert into Utilisateur (nom, prenom, courriel, mot_de_passe) values ('Raddin', 'Sonja', 'sraddin1m@ucoz.ru', '$2a$04$QrOGL6HtwxrlYroCO0wPnOWGdMHxKpYVdjRWnMFzoNDXxgRCcAv62');
insert into Utilisateur (nom, prenom, courriel, mot_de_passe) values ('Karlowicz', 'Brunhilda', 'bkarlowicz1n@umich.edu', '$2a$04$rKAR8VjhTEG09uHz1nWWJePSTNlL46cwLbEM6h.k/2NEkUdYZpR6i');
insert into Utilisateur (nom, prenom, courriel, mot_de_passe) values ('Napper', 'Ike', 'inapper1o@prlog.org', '$2a$04$xn7qricSkEl8Te2xsBk8KuetitQznJ05RKF4JHXpalUqeVF9Do7aq');
insert into Utilisateur (nom, prenom, courriel, mot_de_passe) values ('Scothern', 'Vicky', 'vscothern1p@nsw.gov.au', '$2a$04$6A1I7gFXUKwghPG2C23OFOHjPjaYyJ1.br43umLu1sJu.wv.sUo46');
insert into Utilisateur (nom, prenom, courriel, mot_de_passe) values ('Levett', 'Kellsie', 'klevett1q@amazon.co.uk', '$2a$04$iyw/xSwNuWXC5LnJ.pf93ueMiUKz57uooLF3Xf9sEffsX7.a617uS');
insert into Utilisateur (nom, prenom, courriel, mot_de_passe) values ('Bernhardsson', 'Germayne', 'gbernhardsson1r@prweb.com', '$2a$04$vP1PfmgpNAoUAW6zTyehCeLMKA2Iv4.BHMq/nvboeIC7NMdVh9Dtq');
insert into Utilisateur (nom, prenom, courriel, mot_de_passe) values ('Clemmett', 'Courtnay', 'cclemmett1s@princeton.edu', '$2a$04$yyPmM.qk9ke0JBbmGnnLN.YN8PbKoXHOjZc40E4TTZlsvDmH1En1G');
insert into Utilisateur (nom, prenom, courriel, mot_de_passe) values ('Leppingwell', 'Giacomo', 'gleppingwell1t@forbes.com', '$2a$04$6vfmxlxWaj9gspAIpRbKiuhDcp2fxyK.BL0ZM7baX4zOUN7gloTmG');
insert into Utilisateur (nom, prenom, courriel, mot_de_passe) values ('Paulich', 'Desmond', 'dpaulich1u@infoseek.co.jp', '$2a$04$.ck0yS2du0RHFCke8E4obuGP5So/jdTGYJpM0ZLUmxfMBhOSiIjqq');
insert into Utilisateur (nom, prenom, courriel, mot_de_passe) values ('MacGhee', 'Halie', 'hmacghee1v@instagram.com', '$2a$04$/jNV/WTUaiRk3AYYOYy9AuwScRLbB5azJjBwNHOXStQD249xzl.vi');
insert into Utilisateur (nom, prenom, courriel, mot_de_passe) values ('Laughnan', 'Leoine', 'llaughnan1w@google.nl', '$2a$04$T1QvWax.jsqCpV51YlVJVOAHrKJLPNWa88EM1y7kCWUdOYfVEfCzO');
insert into Utilisateur (nom, prenom, courriel, mot_de_passe) values ('Oleksinski', 'Gene', 'goleksinski1x@stumbleupon.com', '$2a$04$0gBXSR9uCjDWnweSVsWole9zCHwrrUtETtPZQrdFN5Kvw782NdQ9i');
 
-- Acheteurs (id 1-40)
INSERT INTO Acheteur (id_utilisateur) VALUES
(1),(2),(3),(4),(5),(6),(7),(8),(9),(10),
(11),(12),(13),(14),(15),(16),(17),(18),(19),(20),
(21),(22),(23),(24),(25),(26),(27),(28),(29),(30),
(31),(32),(33),(34),(35),(36),(37),(38),(39),(40);
 
-- Annonceurs (id 41-60)
INSERT INTO Annonceur (id_utilisateur) VALUES
(41),(42),(43),(44),(45),(46),(47),(48),(49),(50),
(51),(52),(53),(54),(55),(56),(57),(58),(59),(60);
 
-- Experts (id 61-70)
INSERT INTO Expert (id_utilisateur) VALUES
(61),(62),(63),(64),(65),(66),(67),(68),(69),(70);
 
-- Produits
insert into Produit (nom_produit, etat, description, prix_souhaite, id_annonceur) values ('Burton Snowboard', 'usage', 'Used once or twice', 280.0, 59);
insert into Produit (nom_produit, etat, description, prix_souhaite, id_annonceur) values ('Montre Seiko', 'usage', 'Brand new - never used', 280.0, 41);
insert into Produit (nom_produit, etat, description, prix_souhaite, id_annonceur) values ('Velo Trek', 'usage', 'Vintage', 550.0, 43);
insert into Produit (nom_produit, etat, description, prix_souhaite, id_annonceur) values ('Burton Snowboard', 'abime', 'Limited edition', 150.0, 46);
insert into Produit (nom_produit, etat, description, prix_souhaite, id_annonceur) values ('iPhone 15', 'abime', 'Rare find', 400.0, 46);
insert into Produit (nom_produit, etat, description, prix_souhaite, id_annonceur) values ('Nike Air Max', 'usage', null, 110.0, 60);
insert into Produit (nom_produit, etat, description, prix_souhaite, id_annonceur) values ('Nike Air Max', 'abime', 'Rare find', 60.0, 43);
insert into Produit (nom_produit, etat, description, prix_souhaite, id_annonceur) values ('GoPro Hero 11', 'neuf', 'Rare find', 500.0, 45);
insert into Produit (nom_produit, etat, description, prix_souhaite, id_annonceur) values ('Ski Rossignol', 'abime', null, 200.0, 58);
insert into Produit (nom_produit, etat, description, prix_souhaite, id_annonceur) values ('GoPro Hero 11', 'usage', null, 320.0, 41);
insert into Produit (nom_produit, etat, description, prix_souhaite, id_annonceur) values ('Samsung TV 55', 'neuf', 'Used once or twice', 1200.0, 59);
insert into Produit (nom_produit, etat, description, prix_souhaite, id_annonceur) values ('PS5', 'usage', null, 480.0, 41);
insert into Produit (nom_produit, etat, description, prix_souhaite, id_annonceur) values ('Ski Rossignol', 'usage', 'Limited edition', 380.0, 51);
insert into Produit (nom_produit, etat, description, prix_souhaite, id_annonceur) values ('Canapé IKEA', 'neuf', 'Rare find', 700.0, 60);
insert into Produit (nom_produit, etat, description, prix_souhaite, id_annonceur) values ('GoPro Hero 11', 'abime', 'Brand new - never used', 180.0, 53);
insert into Produit (nom_produit, etat, description, prix_souhaite, id_annonceur) values ('KitchenAid Mixer', 'abime', 'Used once or twice', 180.0, 48);
insert into Produit (nom_produit, etat, description, prix_souhaite, id_annonceur) values ('GoPro Hero 11', 'neuf', 'Rare find', 500.0, 58);
insert into Produit (nom_produit, etat, description, prix_souhaite, id_annonceur) values ('Table en chene', 'usage', 'Used once or twice', 500.0, 43);
insert into Produit (nom_produit, etat, description, prix_souhaite, id_annonceur) values ('Guitare Yamaha', 'usage', 'Vintage', 190.0, 41);
insert into Produit (nom_produit, etat, description, prix_souhaite, id_annonceur) values ('Canapé IKEA', 'usage', 'Vintage', 400.0, 49);
insert into Produit (nom_produit, etat, description, prix_souhaite, id_annonceur) values ('MacBook Pro', 'neuf', null, 2200.0, 58);
insert into Produit (nom_produit, etat, description, prix_souhaite, id_annonceur) values ('Guitare Yamaha', 'neuf', 'Brand new - never used', 300.0, 47);
insert into Produit (nom_produit, etat, description, prix_souhaite, id_annonceur) values ('Ski Rossignol', 'neuf', null, 600.0, 42);
insert into Produit (nom_produit, etat, description, prix_souhaite, id_annonceur) values ('Montre Seiko', 'abime', 'Vintage', 150.0, 50);
insert into Produit (nom_produit, etat, description, prix_souhaite, id_annonceur) values ('Canapé IKEA', 'neuf', 'Brand new - never used', 700.0, 44);
insert into Produit (nom_produit, etat, description, prix_souhaite, id_annonceur) values ('iPad Pro', 'neuf', null, 1300.0, 55);
insert into Produit (nom_produit, etat, description, prix_souhaite, id_annonceur) values ('KitchenAid Mixer', 'abime', 'Vintage', 180.0, 44);
insert into Produit (nom_produit, etat, description, prix_souhaite, id_annonceur) values ('KitchenAid Mixer', 'neuf', 'Brand new - never used', 550.0, 57);
insert into Produit (nom_produit, etat, description, prix_souhaite, id_annonceur) values ('Canon EOS', 'abime', null, 300.0, 49);
insert into Produit (nom_produit, etat, description, prix_souhaite, id_annonceur) values ('Burton Snowboard', 'neuf', null, 450.0, 52);
insert into Produit (nom_produit, etat, description, prix_souhaite, id_annonceur) values ('Weber BBQ', 'usage', 'Limited edition', 430.0, 43);
insert into Produit (nom_produit, etat, description, prix_souhaite, id_annonceur) values ('Burton Snowboard', 'usage', 'Rare find', 280.0, 59);
insert into Produit (nom_produit, etat, description, prix_souhaite, id_annonceur) values ('Nintendo Switch', 'abime', 'Brand new - never used', 130.0, 59);
insert into Produit (nom_produit, etat, description, prix_souhaite, id_annonceur) values ('Canon EOS', 'neuf', 'Vintage', 900.0, 48);
insert into Produit (nom_produit, etat, description, prix_souhaite, id_annonceur) values ('Dyson V11', 'abime', 'Vintage', 220.0, 56);
insert into Produit (nom_produit, etat, description, prix_souhaite, id_annonceur) values ('KitchenAid Mixer', 'abime', null, 180.0, 45);
insert into Produit (nom_produit, etat, description, prix_souhaite, id_annonceur) values ('Velo Trek', 'usage', 'Brand new - never used', 550.0, 44);
insert into Produit (nom_produit, etat, description, prix_souhaite, id_annonceur) values ('Nintendo Switch', 'abime', 'Brand new - never used', 130.0, 59);
insert into Produit (nom_produit, etat, description, prix_souhaite, id_annonceur) values ('iPhone 15', 'usage', 'Rare find', 750.0, 59);
insert into Produit (nom_produit, etat, description, prix_souhaite, id_annonceur) values ('MacBook Pro', 'abime', null, 750.0, 58);
insert into Produit (nom_produit, etat, description, prix_souhaite, id_annonceur) values ('iPad Pro', 'abime', 'Brand new - never used', 450.0, 58);
insert into Produit (nom_produit, etat, description, prix_souhaite, id_annonceur) values ('Nintendo Switch', 'abime', null, 130.0, 48);
insert into Produit (nom_produit, etat, description, prix_souhaite, id_annonceur) values ('PS5', 'usage', 'Brand new - never used', 480.0, 46);
insert into Produit (nom_produit, etat, description, prix_souhaite, id_annonceur) values ('GoPro Hero 11', 'neuf', 'Rare find', 500.0, 47);
insert into Produit (nom_produit, etat, description, prix_souhaite, id_annonceur) values ('Ski Rossignol', 'usage', null, 380.0, 42);
insert into Produit (nom_produit, etat, description, prix_souhaite, id_annonceur) values ('Ski Rossignol', 'neuf', 'Used once or twice', 600.0, 50);
insert into Produit (nom_produit, etat, description, prix_souhaite, id_annonceur) values ('Canapé IKEA', 'neuf', 'Brand new - never used', 700.0, 51);
insert into Produit (nom_produit, etat, description, prix_souhaite, id_annonceur) values ('iPhone 15', 'abime', 'Vintage', 400.0, 55);
insert into Produit (nom_produit, etat, description, prix_souhaite, id_annonceur) values ('iPad Pro', 'abime', null, 450.0, 49);
insert into Produit (nom_produit, etat, description, prix_souhaite, id_annonceur) values ('Drone DJI Mini', 'abime', 'Brand new - never used', 260.0, 57);
insert into Produit (nom_produit, etat, description, prix_souhaite, id_annonceur) values ('Weber BBQ', 'neuf', 'Vintage', 700.0, 54);
insert into Produit (nom_produit, etat, description, prix_souhaite, id_annonceur) values ('Velo Trek', 'usage', 'Vintage', 550.0, 50);
insert into Produit (nom_produit, etat, description, prix_souhaite, id_annonceur) values ('Table en chene', 'neuf', 'Rare find', 800.0, 51);
insert into Produit (nom_produit, etat, description, prix_souhaite, id_annonceur) values ('GoPro Hero 11', 'neuf', 'Limited edition', 500.0, 59);
insert into Produit (nom_produit, etat, description, prix_souhaite, id_annonceur) values ('Nintendo Switch', 'abime', 'Limited edition', 130.0, 43);
insert into Produit (nom_produit, etat, description, prix_souhaite, id_annonceur) values ('GoPro Hero 11', 'neuf', 'Vintage', 500.0, 41);
insert into Produit (nom_produit, etat, description, prix_souhaite, id_annonceur) values ('Velo Trek', 'abime', null, 300.0, 58);
insert into Produit (nom_produit, etat, description, prix_souhaite, id_annonceur) values ('Velo Trek', 'usage', 'Used once or twice', 550.0, 58);
insert into Produit (nom_produit, etat, description, prix_souhaite, id_annonceur) values ('MacBook Pro', 'usage', null, 1400.0, 52);
insert into Produit (nom_produit, etat, description, prix_souhaite, id_annonceur) values ('KitchenAid Mixer', 'usage', 'Limited edition', 350.0, 41);
insert into Produit (nom_produit, etat, description, prix_souhaite, id_annonceur) values ('GoPro Hero 11', 'abime', null, 180.0, 58);
insert into Produit (nom_produit, etat, description, prix_souhaite, id_annonceur) values ('Velo Trek', 'usage', 'Brand new - never used', 550.0, 55);
insert into Produit (nom_produit, etat, description, prix_souhaite, id_annonceur) values ('PS5', 'usage', null, 480.0, 42);
insert into Produit (nom_produit, etat, description, prix_souhaite, id_annonceur) values ('Nintendo Switch', 'neuf', 'Limited edition', 380.0, 48);
insert into Produit (nom_produit, etat, description, prix_souhaite, id_annonceur) values ('iPhone 15', 'neuf', null, 1100.0, 54);
insert into Produit (nom_produit, etat, description, prix_souhaite, id_annonceur) values ('Ski Rossignol', 'neuf', null, 600.0, 44);
insert into Produit (nom_produit, etat, description, prix_souhaite, id_annonceur) values ('Table en chene', 'usage', 'Used once or twice', 500.0, 55);
insert into Produit (nom_produit, etat, description, prix_souhaite, id_annonceur) values ('iPhone 15', 'neuf', 'Rare find', 1100.0, 45);
insert into Produit (nom_produit, etat, description, prix_souhaite, id_annonceur) values ('Canon EOS', 'abime', 'Used once or twice', 300.0, 59);
insert into Produit (nom_produit, etat, description, prix_souhaite, id_annonceur) values ('Samsung TV 55', 'usage', 'Limited edition', 750.0, 58);
insert into Produit (nom_produit, etat, description, prix_souhaite, id_annonceur) values ('Weber BBQ', 'neuf', null, 700.0, 46);
insert into Produit (nom_produit, etat, description, prix_souhaite, id_annonceur) values ('Dyson V11', 'abime', 'Brand new - never used', 220.0, 49);
insert into Produit (nom_produit, etat, description, prix_souhaite, id_annonceur) values ('Guitare Yamaha', 'usage', null, 190.0, 54);
insert into Produit (nom_produit, etat, description, prix_souhaite, id_annonceur) values ('Drone DJI Mini', 'usage', 'Used once or twice', 480.0, 58);
insert into Produit (nom_produit, etat, description, prix_souhaite, id_annonceur) values ('Velo Trek', 'usage', 'Limited edition', 550.0, 41);
insert into Produit (nom_produit, etat, description, prix_souhaite, id_annonceur) values ('Samsung TV 55', 'neuf', 'Brand new - never used', 1200.0, 46);
insert into Produit (nom_produit, etat, description, prix_souhaite, id_annonceur) values ('MacBook Pro', 'usage', 'Vintage', 1400.0, 45);
insert into Produit (nom_produit, etat, description, prix_souhaite, id_annonceur) values ('Canon EOS', 'neuf', 'Limited edition', 900.0, 47);
insert into Produit (nom_produit, etat, description, prix_souhaite, id_annonceur) values ('Ski Rossignol', 'neuf', 'Used once or twice', 600.0, 56);
insert into Produit (nom_produit, etat, description, prix_souhaite, id_annonceur) values ('MacBook Pro', 'usage', 'Rare find', 1400.0, 53);
 
-- Estimations
insert into Estimation (prix_estimation, id_expert, id_produit, date_estimation) values (1192.41, 68, 59, '2025-08-02 09:50:19');
insert into Estimation (prix_estimation, id_expert, id_produit, date_estimation) values (1245.54, 68, 26, '2025-04-11 00:09:36');
insert into Estimation (prix_estimation, id_expert, id_produit, date_estimation) values (247.59, 62, 50, '2025-08-11 20:12:00');
insert into Estimation (prix_estimation, id_expert, id_produit, date_estimation) values (176.8, 69, 19, '2025-12-14 01:30:44');
insert into Estimation (prix_estimation, id_expert, id_produit, date_estimation) values (169.1, 64, 73, '2025-11-06 23:25:56');
insert into Estimation (prix_estimation, id_expert, id_produit, date_estimation) values (1135.37, 62, 76, '2026-03-05 10:30:55');
insert into Estimation (prix_estimation, id_expert, id_produit, date_estimation) values (433.37, 68, 56, '2025-08-01 00:18:01');
insert into Estimation (prix_estimation, id_expert, id_produit, date_estimation) values (411.85, 64, 41, '2025-09-20 10:21:44');
insert into Estimation (prix_estimation, id_expert, id_produit, date_estimation) values (504.93, 65, 37, '2025-07-02 12:46:06');
insert into Estimation (prix_estimation, id_expert, id_produit, date_estimation) values (278.06, 64, 32, '2025-05-05 06:51:02');
insert into Estimation (prix_estimation, id_expert, id_produit, date_estimation) values (107.95, 68, 6, '2025-12-27 14:26:50');
insert into Estimation (prix_estimation, id_expert, id_produit, date_estimation) values (489.23, 65, 52, '2025-05-17 05:13:54');
insert into Estimation (prix_estimation, id_expert, id_produit, date_estimation) values (185.02, 68, 9, '2026-03-29 08:54:57');
insert into Estimation (prix_estimation, id_expert, id_produit, date_estimation) values (420.86, 62, 63, '2026-01-22 08:38:53');
insert into Estimation (prix_estimation, id_expert, id_produit, date_estimation) values (345.41, 68, 60, '2026-02-05 18:39:56');
insert into Estimation (prix_estimation, id_expert, id_produit, date_estimation) values (294.17, 68, 22, '2025-12-21 23:02:10');
insert into Estimation (prix_estimation, id_expert, id_produit, date_estimation) values (178.95, 62, 9, '2025-12-04 08:09:38');
insert into Estimation (prix_estimation, id_expert, id_produit, date_estimation) values (1324.18, 65, 80, '2025-04-27 17:29:53');
insert into Estimation (prix_estimation, id_expert, id_produit, date_estimation) values (1317.88, 61, 80, '2026-02-12 00:56:51');
insert into Estimation (prix_estimation, id_expert, id_produit, date_estimation) values (375.36, 67, 31, '2025-06-06 15:07:27');
insert into Estimation (prix_estimation, id_expert, id_produit, date_estimation) values (192.88, 68, 9, '2026-03-03 09:49:49');
insert into Estimation (prix_estimation, id_expert, id_produit, date_estimation) values (418.91, 68, 49, '2026-02-14 13:23:40');
insert into Estimation (prix_estimation, id_expert, id_produit, date_estimation) values (483.4, 68, 54, '2025-06-25 12:31:10');
insert into Estimation (prix_estimation, id_expert, id_produit, date_estimation) values (650.69, 67, 71, '2025-06-04 08:46:39');
insert into Estimation (prix_estimation, id_expert, id_produit, date_estimation) values (340.03, 62, 20, '2025-08-16 15:16:19');
insert into Estimation (prix_estimation, id_expert, id_produit, date_estimation) values (449.31, 64, 67, '2025-04-14 21:26:03');
insert into Estimation (prix_estimation, id_expert, id_produit, date_estimation) values (255.88, 61, 29, '2025-08-16 11:30:35');
insert into Estimation (prix_estimation, id_expert, id_produit, date_estimation) values (128.62, 70, 55, '2025-07-26 04:51:51');
insert into Estimation (prix_estimation, id_expert, id_produit, date_estimation) values (1374.53, 67, 59, '2026-03-30 02:17:57');
insert into Estimation (prix_estimation, id_expert, id_produit, date_estimation) values (389.9, 64, 20, '2026-01-02 16:18:22');
insert into Estimation (prix_estimation, id_expert, id_produit, date_estimation) values (1164.97, 70, 26, '2025-06-12 12:42:48');
insert into Estimation (prix_estimation, id_expert, id_produit, date_estimation) values (429.34, 61, 8, '2025-05-15 09:53:02');
insert into Estimation (prix_estimation, id_expert, id_produit, date_estimation) values (687.19, 69, 14, '2025-04-23 07:16:41');
insert into Estimation (prix_estimation, id_expert, id_produit, date_estimation) values (446.42, 70, 41, '2025-04-13 00:49:25');
insert into Estimation (prix_estimation, id_expert, id_produit, date_estimation) values (647.14, 69, 40, '2025-07-09 07:25:22');
insert into Estimation (prix_estimation, id_expert, id_produit, date_estimation) values (646.03, 65, 47, '2026-02-22 05:32:32');
insert into Estimation (prix_estimation, id_expert, id_produit, date_estimation) values (154.87, 63, 15, '2025-10-09 00:05:49');
insert into Estimation (prix_estimation, id_expert, id_produit, date_estimation) values (723.07, 70, 39, '2025-09-23 03:33:30');
insert into Estimation (prix_estimation, id_expert, id_produit, date_estimation) values (463.14, 69, 43, '2025-11-16 22:10:47');
insert into Estimation (prix_estimation, id_expert, id_produit, date_estimation) values (113.0, 65, 42, '2025-11-27 13:10:21');
insert into Estimation (prix_estimation, id_expert, id_produit, date_estimation) values (202.68, 61, 72, '2025-06-25 13:05:00');
insert into Estimation (prix_estimation, id_expert, id_produit, date_estimation) values (419.61, 67, 30, '2025-06-01 23:38:03');
insert into Estimation (prix_estimation, id_expert, id_produit, date_estimation) values (489.37, 65, 52, '2025-09-18 05:00:49');
insert into Estimation (prix_estimation, id_expert, id_produit, date_estimation) values (1373.21, 63, 80, '2025-11-14 10:26:06');
insert into Estimation (prix_estimation, id_expert, id_produit, date_estimation) values (548.08, 65, 23, '2025-07-19 06:34:59');
insert into Estimation (prix_estimation, id_expert, id_produit, date_estimation) values (193.99, 64, 35, '2025-12-16 02:58:32');
insert into Estimation (prix_estimation, id_expert, id_produit, date_estimation) values (325.81, 61, 60, '2025-07-20 06:44:18');
insert into Estimation (prix_estimation, id_expert, id_produit, date_estimation) values (1247.34, 70, 26, '2026-01-30 13:38:07');
insert into Estimation (prix_estimation, id_expert, id_produit, date_estimation) values (616.12, 64, 14, '2025-09-29 02:14:01');
insert into Estimation (prix_estimation, id_expert, id_produit, date_estimation) values (340.77, 62, 13, '2025-08-26 10:10:37');
insert into Estimation (prix_estimation, id_expert, id_produit, date_estimation) values (699.49, 69, 71, '2026-02-04 22:03:48');
insert into Estimation (prix_estimation, id_expert, id_produit, date_estimation) values (521.11, 65, 62, '2025-06-30 19:40:49');
insert into Estimation (prix_estimation, id_expert, id_produit, date_estimation) values (1190.43, 67, 26, '2025-06-19 12:38:51');
insert into Estimation (prix_estimation, id_expert, id_produit, date_estimation) values (204.08, 61, 72, '2025-11-26 11:22:14');
insert into Estimation (prix_estimation, id_expert, id_produit, date_estimation) values (416.71, 63, 63, '2025-07-27 21:56:34');
insert into Estimation (prix_estimation, id_expert, id_produit, date_estimation) values (247.44, 67, 32, '2026-01-25 04:42:08');
insert into Estimation (prix_estimation, id_expert, id_produit, date_estimation) values (360.29, 69, 20, '2025-11-27 09:51:54');
insert into Estimation (prix_estimation, id_expert, id_produit, date_estimation) values (356.53, 68, 64, '2025-11-30 09:26:50');
insert into Estimation (prix_estimation, id_expert, id_produit, date_estimation) values (424.57, 65, 63, '2025-08-11 16:13:45');
insert into Estimation (prix_estimation, id_expert, id_produit, date_estimation) values (264.91, 64, 69, '2025-08-11 12:03:43');
insert into Estimation (prix_estimation, id_expert, id_produit, date_estimation) values (111.88, 70, 33, '2026-02-19 23:06:03');
insert into Estimation (prix_estimation, id_expert, id_produit, date_estimation) values (377.87, 68, 20, '2025-10-11 19:02:07');
insert into Estimation (prix_estimation, id_expert, id_produit, date_estimation) values (619.04, 68, 25, '2025-05-31 22:23:06');
insert into Estimation (prix_estimation, id_expert, id_produit, date_estimation) values (492.91, 65, 18, '2025-07-03 09:47:54');
insert into Estimation (prix_estimation, id_expert, id_produit, date_estimation) values (440.53, 68, 49, '2025-07-28 08:34:36');
insert into Estimation (prix_estimation, id_expert, id_produit, date_estimation) values (645.47, 66, 40, '2025-06-07 01:03:43');
insert into Estimation (prix_estimation, id_expert, id_produit, date_estimation) values (425.14, 69, 74, '2025-10-07 12:57:47');
insert into Estimation (prix_estimation, id_expert, id_produit, date_estimation) values (408.65, 62, 31, '2025-07-07 01:17:11');
insert into Estimation (prix_estimation, id_expert, id_produit, date_estimation) values (705.71, 61, 53, '2025-10-18 10:36:53');
insert into Estimation (prix_estimation, id_expert, id_produit, date_estimation) values (652.39, 62, 70, '2025-07-20 06:59:47');
insert into Estimation (prix_estimation, id_expert, id_produit, date_estimation) values (594.2, 70, 23, '2025-10-05 07:51:01');
insert into Estimation (prix_estimation, id_expert, id_produit, date_estimation) values (280.7, 67, 22, '2026-01-04 03:27:16');
insert into Estimation (prix_estimation, id_expert, id_produit, date_estimation) values (506.5, 61, 62, '2025-10-06 00:19:57');
insert into Estimation (prix_estimation, id_expert, id_produit, date_estimation) values (387.08, 62, 20, '2025-04-24 09:44:51');
insert into Estimation (prix_estimation, id_expert, id_produit, date_estimation) values (213.65, 63, 72, '2025-08-18 04:31:05');
insert into Estimation (prix_estimation, id_expert, id_produit, date_estimation) values (1054.27, 66, 76, '2025-07-24 12:27:08');
insert into Estimation (prix_estimation, id_expert, id_produit, date_estimation) values (155.62, 62, 15, '2025-12-06 02:37:19');
insert into Estimation (prix_estimation, id_expert, id_produit, date_estimation) values (457.33, 68, 54, '2025-09-06 05:45:24');
insert into Estimation (prix_estimation, id_expert, id_produit, date_estimation) values (274.06, 62, 69, '2025-11-14 12:39:41');
insert into Estimation (prix_estimation, id_expert, id_produit, date_estimation) values (1104.06, 67, 11, '2025-08-14 20:10:36');
 
-- Décisions des annonceurs
insert into Valide (id_annonceur, id_estimation, decision) values (41, 30, 'valide');
insert into Valide (id_annonceur, id_estimation, decision) values (58, 73, 'en_attente');
insert into Valide (id_annonceur, id_estimation, decision) values (59, 11, 'valide');
insert into Valide (id_annonceur, id_estimation, decision) values (49, 37, 'valide');
insert into Valide (id_annonceur, id_estimation, decision) values (44, 21, 'valide');
insert into Valide (id_annonceur, id_estimation, decision) values (52, 4, 'valide');
insert into Valide (id_annonceur, id_estimation, decision) values (56, 72, 'en_attente');
insert into Valide (id_annonceur, id_estimation, decision) values (50, 8, 'valide');
insert into Valide (id_annonceur, id_estimation, decision) values (57, 2, 'en_attente');
insert into Valide (id_annonceur, id_estimation, decision) values (41, 1, 'valide');
insert into Valide (id_annonceur, id_estimation, decision) values (50, 5, 'en_attente');
insert into Valide (id_annonceur, id_estimation, decision) values (49, 5, 'en_attente');
insert into Valide (id_annonceur, id_estimation, decision) values (58, 77, 'en_attente');
insert into Valide (id_annonceur, id_estimation, decision) values (51, 44, 'en_attente');
insert into Valide (id_annonceur, id_estimation, decision) values (45, 76, 'valide');
insert into Valide (id_annonceur, id_estimation, decision) values (52, 11, 'valide');
insert into Valide (id_annonceur, id_estimation, decision) values (44, 2, 'rejete');
insert into Valide (id_annonceur, id_estimation, decision) values (60, 9, 'en_attente');
insert into Valide (id_annonceur, id_estimation, decision) values (48, 11, 'valide');
insert into Valide (id_annonceur, id_estimation, decision) values (59, 20, 'valide');
insert into Valide (id_annonceur, id_estimation, decision) values (44, 54, 'valide');
insert into Valide (id_annonceur, id_estimation, decision) values (57, 11, 'rejete');
insert into Valide (id_annonceur, id_estimation, decision) values (57, 69, 'valide');
insert into Valide (id_annonceur, id_estimation, decision) values (54, 76, 'en_attente');
insert into Valide (id_annonceur, id_estimation, decision) values (56, 21, 'en_attente');
insert into Valide (id_annonceur, id_estimation, decision) values (56, 24, 'valide');
insert into Valide (id_annonceur, id_estimation, decision) values (50, 23, 'en_attente');
insert into Valide (id_annonceur, id_estimation, decision) values (45, 73, 'valide');
insert into Valide (id_annonceur, id_estimation, decision) values (42, 46, 'en_attente');
insert into Valide (id_annonceur, id_estimation, decision) values (53, 17, 'en_attente');
insert into Valide (id_annonceur, id_estimation, decision) values (48, 59, 'rejete');
insert into Valide (id_annonceur, id_estimation, decision) values (51, 5, 'rejete');
insert into Valide (id_annonceur, id_estimation, decision) values (48, 47, 'en_attente');
insert into Valide (id_annonceur, id_estimation, decision) values (58, 69, 'en_attente');
insert into Valide (id_annonceur, id_estimation, decision) values (59, 70, 'valide');
insert into Valide (id_annonceur, id_estimation, decision) values (45, 11, 'valide');
insert into Valide (id_annonceur, id_estimation, decision) values (49, 1, 'valide');
insert into Valide (id_annonceur, id_estimation, decision) values (60, 62, 'en_attente');
insert into Valide (id_annonceur, id_estimation, decision) values (50, 46, 'en_attente');
insert into Valide (id_annonceur, id_estimation, decision) values (54, 10, 'valide');
insert into Valide (id_annonceur, id_estimation, decision) values (52, 74, 'rejete');
insert into Valide (id_annonceur, id_estimation, decision) values (44, 79, 'valide');
insert into Valide (id_annonceur, id_estimation, decision) values (51, 62, 'valide');
insert into Valide (id_annonceur, id_estimation, decision) values (51, 79, 'valide');
insert into Valide (id_annonceur, id_estimation, decision) values (57, 28, 'valide');
insert into Valide (id_annonceur, id_estimation, decision) values (59, 29, 'valide');
insert into Valide (id_annonceur, id_estimation, decision) values (52, 29, 'valide');
insert into Valide (id_annonceur, id_estimation, decision) values (52, 71, 'valide');
insert into Valide (id_annonceur, id_estimation, decision) values (43, 44, 'valide');
insert into Valide (id_annonceur, id_estimation, decision) values (54, 3, 'valide');
insert into Valide (id_annonceur, id_estimation, decision) values (60, 76, 'valide');
insert into Valide (id_annonceur, id_estimation, decision) values (45, 5, 'en_attente');
insert into Valide (id_annonceur, id_estimation, decision) values (45, 58, 'valide');
insert into Valide (id_annonceur, id_estimation, decision) values (45, 67, 'valide');
insert into Valide (id_annonceur, id_estimation, decision) values (50, 39, 'valide');
insert into Valide (id_annonceur, id_estimation, decision) values (41, 39, 'valide');
insert into Valide (id_annonceur, id_estimation, decision) values (59, 15, 'en_attente');
insert into Valide (id_annonceur, id_estimation, decision) values (59, 63, 'valide');
insert into Valide (id_annonceur, id_estimation, decision) values (52, 6, 'en_attente');
insert into Valide (id_annonceur, id_estimation, decision) values (56, 34, 'en_attente');
insert into Valide (id_annonceur, id_estimation, decision) values (42, 66, 'valide');
insert into Valide (id_annonceur, id_estimation, decision) values (43, 56, 'valide');
insert into Valide (id_annonceur, id_estimation, decision) values (43, 75, 'en_attente');
insert into Valide (id_annonceur, id_estimation, decision) values (59, 65, 'rejete');
insert into Valide (id_annonceur, id_estimation, decision) values (44, 62, 'en_attente');
insert into Valide (id_annonceur, id_estimation, decision) values (58, 35, 'en_attente');
insert into Valide (id_annonceur, id_estimation, decision) values (49, 66, 'rejete');
insert into Valide (id_annonceur, id_estimation, decision) values (49, 58, 'en_attente');
insert into Valide (id_annonceur, id_estimation, decision) values (57, 45, 'rejete');
insert into Valide (id_annonceur, id_estimation, decision) values (55, 25, 'en_attente');
insert into Valide (id_annonceur, id_estimation, decision) values (49, 4, 'en_attente');
insert into Valide (id_annonceur, id_estimation, decision) values (54, 9, 'valide');
insert into Valide (id_annonceur, id_estimation, decision) values (42, 1, 'en_attente');
insert into Valide (id_annonceur, id_estimation, decision) values (43, 43, 'valide');
insert into Valide (id_annonceur, id_estimation, decision) values (41, 9, 'valide');
insert into Valide (id_annonceur, id_estimation, decision) values (59, 52, 'rejete');
insert into Valide (id_annonceur, id_estimation, decision) values (53, 24, 'en_attente');
insert into Valide (id_annonceur, id_estimation, decision) values (60, 71, 'en_attente');
insert into Valide (id_annonceur, id_estimation, decision) values (47, 75, 'en_attente');
 
-- Offres
insert into Offre (prix_propose, id_produit) values (415.71, 30);
insert into Offre (prix_propose, id_produit) values (354.38, 8);
insert into Offre (prix_propose, id_produit) values (557.38, 14);
insert into Offre (prix_propose, id_produit) values (1089.37, 77);
insert into Offre (prix_propose, id_produit) values (670.44, 25);
insert into Offre (prix_propose, id_produit) values (421.58, 41);
insert into Offre (prix_propose, id_produit) values (1417.17, 80);
insert into Offre (prix_propose, id_produit) values (949.56, 26);
insert into Offre (prix_propose, id_produit) values (1186.74, 77);
insert into Offre (prix_propose, id_produit) values (213.13, 57);
insert into Offre (prix_propose, id_produit) values (116.48, 4);
insert into Offre (prix_propose, id_produit) values (227.99, 50);
insert into Offre (prix_propose, id_produit) values (531.97, 39);
insert into Offre (prix_propose, id_produit) values (100.05, 38);
insert into Offre (prix_propose, id_produit) values (417.36, 49);
insert into Offre (prix_propose, id_produit) values (160.33, 15);
insert into Offre (prix_propose, id_produit) values (1088.02, 80);
insert into Offre (prix_propose, id_produit) values (724.99, 53);
insert into Offre (prix_propose, id_produit) values (196.66, 9);
insert into Offre (prix_propose, id_produit) values (842.73, 76);
insert into Offre (prix_propose, id_produit) values (127.66, 38);
insert into Offre (prix_propose, id_produit) values (519.39, 37);
insert into Offre (prix_propose, id_produit) values (1146.72, 80);
insert into Offre (prix_propose, id_produit) values (829.86, 68);
insert into Offre (prix_propose, id_produit) values (776.27, 40);
insert into Offre (prix_propose, id_produit) values (155.38, 19);
insert into Offre (prix_propose, id_produit) values (805.71, 65);
insert into Offre (prix_propose, id_produit) values (278.86, 45);
insert into Offre (prix_propose, id_produit) values (219.26, 35);
insert into Offre (prix_propose, id_produit) values (118.47, 38);
insert into Offre (prix_propose, id_produit) values (589.5, 23);
insert into Offre (prix_propose, id_produit) values (171.97, 16);
insert into Offre (prix_propose, id_produit) values (1242.75, 59);
insert into Offre (prix_propose, id_produit) values (187.31, 16);
insert into Offre (prix_propose, id_produit) values (457.87, 3);
insert into Offre (prix_propose, id_produit) values (116.12, 33);
insert into Offre (prix_propose, id_produit) values (445.63, 49);
insert into Offre (prix_propose, id_produit) values (549.89, 79);
insert into Offre (prix_propose, id_produit) values (600.96, 46);
insert into Offre (prix_propose, id_produit) values (451.04, 54);
insert into Offre (prix_propose, id_produit) values (359.71, 64);
insert into Offre (prix_propose, id_produit) values (393.82, 37);
insert into Offre (prix_propose, id_produit) values (584.82, 40);
insert into Offre (prix_propose, id_produit) values (224.36, 32);
insert into Offre (prix_propose, id_produit) values (203.82, 32);
insert into Offre (prix_propose, id_produit) values (101.59, 42);
insert into Offre (prix_propose, id_produit) values (205.9, 32);
insert into Offre (prix_propose, id_produit) values (279.05, 60);
insert into Offre (prix_propose, id_produit) values (175.27, 19);
insert into Offre (prix_propose, id_produit) values (215.2, 50);
insert into Offre (prix_propose, id_produit) values (107.84, 55);
insert into Offre (prix_propose, id_produit) values (216.53, 2);
insert into Offre (prix_propose, id_produit) values (396.72, 56);
insert into Offre (prix_propose, id_produit) values (1130.61, 68);
insert into Offre (prix_propose, id_produit) values (2038.99, 21);
insert into Offre (prix_propose, id_produit) values (255.69, 32);
insert into Offre (prix_propose, id_produit) values (136.78, 15);
insert into Offre (prix_propose, id_produit) values (410.73, 31);
insert into Offre (prix_propose, id_produit) values (98.43, 55);
insert into Offre (prix_propose, id_produit) values (149.91, 61);
insert into Offre (prix_propose, id_produit) values (1464.87, 80);
insert into Offre (prix_propose, id_produit) values (166.32, 61);
insert into Offre (prix_propose, id_produit) values (250.58, 2);
insert into Offre (prix_propose, id_produit) values (1221.5, 26);
insert into Offre (prix_propose, id_produit) values (477.6, 63);
insert into Offre (prix_propose, id_produit) values (485.8, 8);
insert into Offre (prix_propose, id_produit) values (585.13, 70);
insert into Offre (prix_propose, id_produit) values (497.86, 71);
insert into Offre (prix_propose, id_produit) values (145.87, 36);
insert into Offre (prix_propose, id_produit) values (238.11, 29);
insert into Offre (prix_propose, id_produit) values (348.23, 30);
insert into Offre (prix_propose, id_produit) values (721.01, 71);
insert into Offre (prix_propose, id_produit) values (483.23, 63);
insert into Offre (prix_propose, id_produit) values (891.15, 68);
insert into Offre (prix_propose, id_produit) values (511.17, 3);
insert into Offre (prix_propose, id_produit) values (461.16, 62);
insert into Offre (prix_propose, id_produit) values (561.05, 52);
insert into Offre (prix_propose, id_produit) values (370.06, 31);
insert into Offre (prix_propose, id_produit) values (103.05, 55);
insert into Offre (prix_propose, id_produit) values (707.69, 78);
insert into Offre (prix_propose, id_produit) values (134.47, 24);
insert into Offre (prix_propose, id_produit) values (554.37, 71);
insert into Offre (prix_propose, id_produit) values (162.83, 36);
insert into Offre (prix_propose, id_produit) values (1419.93, 59);
insert into Offre (prix_propose, id_produit) values (419.9, 67);
insert into Offre (prix_propose, id_produit) values (116.51, 4);
insert into Offre (prix_propose, id_produit) values (314.74, 69);
insert into Offre (prix_propose, id_produit) values (483.08, 75);
insert into Offre (prix_propose, id_produit) values (351.27, 12);
insert into Offre (prix_propose, id_produit) values (322.42, 41);
insert into Offre (prix_propose, id_produit) values (132.91, 15);
insert into Offre (prix_propose, id_produit) values (119.55, 42);
insert into Offre (prix_propose, id_produit) values (439.75, 49);
insert into Offre (prix_propose, id_produit) values (423.88, 8);
insert into Offre (prix_propose, id_produit) values (288.89, 48);
insert into Offre (prix_propose, id_produit) values (216.73, 50);
insert into Offre (prix_propose, id_produit) values (188.76, 61);
insert into Offre (prix_propose, id_produit) values (619.63, 47);
insert into Offre (prix_propose, id_produit) values (499.14, 43);
insert into Offre (prix_propose, id_produit) values (550.7, 3);
 
-- propose
insert into propose (id_offre, id_utilisateur, date_proposition) values (71, 7, '2025-10-29 16:35:26');
insert into propose (id_offre, id_utilisateur, date_proposition) values (2, 39, '2026-03-14 07:23:40');
insert into propose (id_offre, id_utilisateur, date_proposition) values (16, 8, '2025-05-26 03:24:57');
insert into propose (id_offre, id_utilisateur, date_proposition) values (1, 14, '2025-11-28 07:14:15');
insert into propose (id_offre, id_utilisateur, date_proposition) values (79, 4, '2025-10-31 07:42:03');
insert into propose (id_offre, id_utilisateur, date_proposition) values (100, 7, '2025-06-21 05:06:51');
insert into propose (id_offre, id_utilisateur, date_proposition) values (40, 14, '2025-11-15 05:20:09');
insert into propose (id_offre, id_utilisateur, date_proposition) values (80, 4, '2025-04-26 20:19:13');
insert into propose (id_offre, id_utilisateur, date_proposition) values (85, 1, '2025-11-12 08:50:14');
insert into propose (id_offre, id_utilisateur, date_proposition) values (91, 26, '2025-11-07 23:33:04');
insert into propose (id_offre, id_utilisateur, date_proposition) values (7, 22, '2025-11-17 08:42:25');
insert into propose (id_offre, id_utilisateur, date_proposition) values (87, 26, '2026-03-17 06:11:56');
insert into propose (id_offre, id_utilisateur, date_proposition) values (68, 7, '2025-06-25 09:48:48');
insert into propose (id_offre, id_utilisateur, date_proposition) values (72, 16, '2026-03-12 22:46:37');
insert into propose (id_offre, id_utilisateur, date_proposition) values (11, 13, '2026-02-21 15:11:11');
insert into propose (id_offre, id_utilisateur, date_proposition) values (44, 13, '2026-02-26 19:32:43');
insert into propose (id_offre, id_utilisateur, date_proposition) values (86, 30, '2025-08-13 18:38:43');
insert into propose (id_offre, id_utilisateur, date_proposition) values (43, 3, '2025-07-13 13:47:23');
insert into propose (id_offre, id_utilisateur, date_proposition) values (98, 12, '2025-09-29 12:01:11');
insert into propose (id_offre, id_utilisateur, date_proposition) values (92, 35, '2025-10-27 10:28:33');
insert into propose (id_offre, id_utilisateur, date_proposition) values (68, 29, '2025-12-29 19:17:25');
insert into propose (id_offre, id_utilisateur, date_proposition) values (36, 9, '2025-05-16 02:39:45');
insert into propose (id_offre, id_utilisateur, date_proposition) values (86, 28, '2025-06-24 01:38:59');
insert into propose (id_offre, id_utilisateur, date_proposition) values (99, 36, '2026-01-26 14:35:16');
insert into propose (id_offre, id_utilisateur, date_proposition) values (34, 12, '2026-03-17 12:00:56');
insert into propose (id_offre, id_utilisateur, date_proposition) values (82, 18, '2025-07-20 02:09:04');
insert into propose (id_offre, id_utilisateur, date_proposition) values (3, 2, '2025-10-23 03:55:53');
insert into propose (id_offre, id_utilisateur, date_proposition) values (55, 30, '2025-11-20 21:02:46');
insert into propose (id_offre, id_utilisateur, date_proposition) values (73, 16, '2026-03-19 19:47:24');
insert into propose (id_offre, id_utilisateur, date_proposition) values (52, 2, '2025-11-13 02:31:22');
insert into propose (id_offre, id_utilisateur, date_proposition) values (43, 5, '2025-08-29 17:45:06');
insert into propose (id_offre, id_utilisateur, date_proposition) values (14, 10, '2025-05-22 02:36:51');
insert into propose (id_offre, id_utilisateur, date_proposition) values (10, 29, '2026-03-23 16:45:11');
insert into propose (id_offre, id_utilisateur, date_proposition) values (96, 14, '2025-06-06 19:08:34');
insert into propose (id_offre, id_utilisateur, date_proposition) values (65, 18, '2026-03-23 16:00:34');
insert into propose (id_offre, id_utilisateur, date_proposition) values (66, 25, '2025-10-25 01:33:17');
insert into propose (id_offre, id_utilisateur, date_proposition) values (55, 36, '2025-07-08 08:32:32');
insert into propose (id_offre, id_utilisateur, date_proposition) values (16, 7, '2026-02-15 04:02:44');
insert into propose (id_offre, id_utilisateur, date_proposition) values (79, 18, '2025-05-31 16:51:39');
insert into propose (id_offre, id_utilisateur, date_proposition) values (8, 4, '2025-11-19 07:32:50');
insert into propose (id_offre, id_utilisateur, date_proposition) values (90, 5, '2026-01-27 13:14:15');
insert into propose (id_offre, id_utilisateur, date_proposition) values (39, 34, '2025-04-17 16:28:35');
insert into propose (id_offre, id_utilisateur, date_proposition) values (32, 15, '2025-07-28 11:36:42');
insert into propose (id_offre, id_utilisateur, date_proposition) values (16, 5, '2025-05-14 13:55:19');
insert into propose (id_offre, id_utilisateur, date_proposition) values (46, 31, '2026-03-26 17:42:30');
insert into propose (id_offre, id_utilisateur, date_proposition) values (69, 29, '2025-08-06 20:02:56');
insert into propose (id_offre, id_utilisateur, date_proposition) values (45, 35, '2025-07-11 13:51:55');
insert into propose (id_offre, id_utilisateur, date_proposition) values (41, 9, '2025-08-12 14:40:31');
insert into propose (id_offre, id_utilisateur, date_proposition) values (8, 1, '2025-11-09 17:07:09');
insert into propose (id_offre, id_utilisateur, date_proposition) values (86, 12, '2025-08-31 16:54:05');
insert into propose (id_offre, id_utilisateur, date_proposition) values (73, 31, '2025-06-11 14:08:45');
insert into propose (id_offre, id_utilisateur, date_proposition) values (4, 6, '2025-11-30 08:52:21');
insert into propose (id_offre, id_utilisateur, date_proposition) values (62, 36, '2026-02-04 04:31:15');
insert into propose (id_offre, id_utilisateur, date_proposition) values (84, 16, '2025-12-18 16:01:26');
insert into propose (id_offre, id_utilisateur, date_proposition) values (57, 24, '2025-05-13 18:11:05');
insert into propose (id_offre, id_utilisateur, date_proposition) values (25, 22, '2025-12-14 00:11:19');
insert into propose (id_offre, id_utilisateur, date_proposition) values (44, 11, '2025-12-10 22:42:52');
insert into propose (id_offre, id_utilisateur, date_proposition) values (63, 27, '2026-01-26 13:26:28');
insert into propose (id_offre, id_utilisateur, date_proposition) values (97, 2, '2025-09-25 12:38:47');
insert into propose (id_offre, id_utilisateur, date_proposition) values (54, 32, '2026-01-04 02:48:04');
insert into propose (id_offre, id_utilisateur, date_proposition) values (68, 39, '2026-03-29 02:22:24');
insert into propose (id_offre, id_utilisateur, date_proposition) values (16, 31, '2025-11-13 23:02:28');
insert into propose (id_offre, id_utilisateur, date_proposition) values (5, 22, '2025-04-28 17:09:46');
insert into propose (id_offre, id_utilisateur, date_proposition) values (46, 6, '2026-03-26 10:01:49');
insert into propose (id_offre, id_utilisateur, date_proposition) values (26, 30, '2025-04-23 01:09:11');
insert into propose (id_offre, id_utilisateur, date_proposition) values (53, 14, '2025-07-23 07:26:53');
insert into propose (id_offre, id_utilisateur, date_proposition) values (7, 26, '2026-03-30 01:34:34');
insert into propose (id_offre, id_utilisateur, date_proposition) values (24, 26, '2025-08-13 01:22:39');
insert into propose (id_offre, id_utilisateur, date_proposition) values (6, 4, '2026-01-15 02:34:53');
insert into propose (id_offre, id_utilisateur, date_proposition) values (97, 15, '2026-04-09 18:07:03');
insert into propose (id_offre, id_utilisateur, date_proposition) values (46, 11, '2025-06-15 10:58:00');
insert into propose (id_offre, id_utilisateur, date_proposition) values (19, 19, '2025-12-14 10:58:26');
insert into propose (id_offre, id_utilisateur, date_proposition) values (48, 19, '2026-02-15 03:43:03');
insert into propose (id_offre, id_utilisateur, date_proposition) values (50, 25, '2025-12-27 03:25:03');
insert into propose (id_offre, id_utilisateur, date_proposition) values (2, 1, '2025-10-16 23:47:51');
insert into propose (id_offre, id_utilisateur, date_proposition) values (5, 17, '2025-04-11 04:13:05');
insert into propose (id_offre, id_utilisateur, date_proposition) values (92, 25, '2026-02-20 14:20:44');
insert into propose (id_offre, id_utilisateur, date_proposition) values (63, 17, '2026-01-31 17:08:02');
insert into propose (id_offre, id_utilisateur, date_proposition) values (36, 14, '2026-02-02 18:38:31');
insert into propose (id_offre, id_utilisateur, date_proposition) values (92, 31, '2026-03-27 14:49:13');
insert into propose (id_offre, id_utilisateur, date_proposition) values (49, 30, '2025-04-25 21:23:23');
insert into propose (id_offre, id_utilisateur, date_proposition) values (41, 30, '2026-02-04 02:39:25');
insert into propose (id_offre, id_utilisateur, date_proposition) values (50, 36, '2025-05-10 06:28:40');
insert into propose (id_offre, id_utilisateur, date_proposition) values (16, 23, '2025-11-11 23:48:24');
insert into propose (id_offre, id_utilisateur, date_proposition) values (58, 32, '2025-08-16 10:47:49');
insert into propose (id_offre, id_utilisateur, date_proposition) values (96, 19, '2025-06-27 03:56:15');
insert into propose (id_offre, id_utilisateur, date_proposition) values (32, 23, '2025-08-25 06:11:10');
insert into propose (id_offre, id_utilisateur, date_proposition) values (33, 27, '2025-05-02 02:48:19');
insert into propose (id_offre, id_utilisateur, date_proposition) values (98, 3, '2025-06-29 06:08:26');
insert into propose (id_offre, id_utilisateur, date_proposition) values (36, 28, '2025-11-24 06:11:53');
insert into propose (id_offre, id_utilisateur, date_proposition) values (90, 36, '2025-10-25 14:31:54');
insert into propose (id_offre, id_utilisateur, date_proposition) values (78, 35, '2025-07-15 03:47:30');
insert into propose (id_offre, id_utilisateur, date_proposition) values (29, 15, '2025-06-04 10:03:01');
insert into propose (id_offre, id_utilisateur, date_proposition) values (5, 32, '2025-05-08 09:46:34');
insert into propose (id_offre, id_utilisateur, date_proposition) values (60, 2, '2025-09-23 07:23:37');
insert into propose (id_offre, id_utilisateur, date_proposition) values (24, 4, '2025-06-07 21:17:54');
insert into propose (id_offre, id_utilisateur, date_proposition) values (52, 14, '2026-01-17 08:38:47');
insert into propose (id_offre, id_utilisateur, date_proposition) values (24, 10, '2025-07-19 02:52:32');
insert into propose (id_offre, id_utilisateur, date_proposition) values (49, 22, '2026-02-11 11:58:33');
insert into propose (id_offre, id_utilisateur, date_proposition) values (78, 13, '2025-10-22 17:04:32');